product_id,title,brand,product_type,age_group,gender,price,mrp,discount_percent,currency,stock_status,primary_fabric,secondary_fabric,transparency,fabric_stretch,gsm,fit_type,length,sleeves,neckline,closure_type,hemline,waist_type,pattern,embellishment,color,color_family,surface_styling,occasion,lining,skin_friendly,breathability,weight,safety_compliance,size,garment_chest_cm,garment_length_cm,shoulder_width_cm,size_fit_advice,wash_care,durability,color_fastness,keyword_tags,embedding_text,attribute_confidence_score
PRD1,Peach Floral Regular Dress,H&M Kids,Casual Dress,2-3Y,Girls,1712,2002,33,INR,Out of Stock,Tulle,Net,Semi-sheer,Mild Stretch,150,A-line,Midi,Cap Sleeve,Square,Zip,High-low,Adjustable,Solid,None,Peach,Neutral,Smocked,Party,Unlined,No,High,Normal,Child-safe materials,7Y,51,80,20,Runs small,Machine wash,High,4,"peach floral regular dress, girls dress, kids fashion","Peach Floral Regular Dress for 4-5Y, Party wear",0.9
PRD2,Peach Solid Flared Dress,Cutie Couture,Dress,3-4Y,Girls,1296,1267,6,INR,In Stock,Polyester,Cotton,Semi-sheer,No Stretch,,Flared,Knee Length,Sleeveless,Round,Zip,Flared,Elastic,Solid,Bow,Peach,Pastel,Layered,Casual,Unlined,No,Medium,Lightweight,Child-safe materials,3Y,58,57,27,True to size,Dry clean,Medium,5,"peach solid flared dress, girls dress, kids fashion","Peach Solid Flared Dress for 5-6Y, Festive wear",0.91
PRD3,Maroon Polka Dot Regular Dress,H&M Kids,Dress,2-3Y,Girls,1879,1094,32,INR,Low Stock,Satin,Rayon,Opaque,Mild Stretch,120,Flared,Knee Length,Short Sleeve,V-neck,Elastic Waist,Flared,Elastic,Cartoon Print,Bow,Maroon,Pastel,Pleated,Party,Unlined,Yes,High,Normal,Child-safe materials,7Y,55,47,28,Runs small,Dry clean,Medium,5,"Maroon polka dot regular dress, girls dress, kids fashion","Maroon Polka Dot Regular Dress for 3-4Y, Party wear",0.87
PRD4,Yellow Cartoon Print Flared Dress,Pepe Jeans Junior,Frock,5-6Y,Girls,1228,1878,16,INR,In Stock,Polyester,Satin,Opaque,Mild Stretch,150,Regular,Knee Length,Puff Sleeve,Square,Elastic Waist,High-low,Elastic,Solid,None,Yellow,Pastel,Pleated,Birthday,Fully lined,Yes,Medium,Lightweight,Child-safe materials,7Y,55,74,29,True to size,Hand wash,Medium,5,"Yellow cartoon print flared dress, girls dress, kids fashion","Yellow Cartoon Print Flared Dress for 4-5Y, Festive wear",0.92
PRD5,Maroon Cartoon Print Flared Dress,Pepe Jeans Junior,Party Dress,4-5Y,Girls,1611,2354,59,INR,Out of Stock,Net,Polyester,Opaque,Mild Stretch,180,A-line,Midi,Short Sleeve,Round,Button,High-low,Fixed,Polka Dot,Bow,Maroon,Bright,Smocked,Birthday,Partially lined,Yes,High,Lightweight,Child-safe materials,3Y,75,80,26,Runs small,Hand wash,High,4,"maroon cartoon print flared dress, girls dress, kids fashion","Maroon Cartoon Print Flared Dress for 5-6Y, Party wear",0.89
PRD6,Pink Solid Flared Dress,Allen Solly Junior,Party Dress,6-7Y,Girls,1779,1634,12,INR,Low Stock,Polyester,Rayon,Opaque,No Stretch,120,Regular,Knee Length,Short Sleeve,Peter Pan,Button,Straight,Elastic,Floral,Ruffles,Pink,Neutral,None,Casual,Fully lined,No,Medium,Lightweight,Child-safe materials,6Y,50,78,30,Runs large,Dry clean,High,4,"pink solid flared dress, girls dress, kids fashion","Pink Solid Flared Dress for 5-6Y, Party wear",0.92
PRD7,Mint Green Floral A-line Dress,H&M Kids,Dress,6-7Y,Girls,1075,1452,22,INR,Out of Stock,Net,Polyester,Opaque,Mild Stretch,150,Flared,Ankle Length,Cap Sleeve,Peter Pan,Zip,High-low,Fixed,Cartoon Print,Ruffles,Mint Green,Pastel,Layered,Party,Partially lined,Yes,High,Normal,Child-safe materials,5Y,75,48,24,Runs small,Hand wash,High,4,"mint green floral a-line dress, girls dress, kids fashion","Mint Green Floral A-line Dress for 2-3Y, Party wear",0.97
PRD8,Yellow Solid A-line Dress,H&M Kids,Casual Dress,7-8Y,Girls,1223,2404,26,INR,In Stock,Polyester,Net,Opaque,No Stretch,,Regular,Ankle Length,Short Sleeve,V-neck,Elastic Waist,High-low,Adjustable,Floral,Sequins,Yellow,Pastel,Pleated,Festive,Partially lined,Yes,Medium,Lightweight,Child-safe materials,7Y,52,60,18,True to size,Hand wash,High,4,"yellow solid a-line dress, girls dress, kids fashion","Yellow Solid A-line Dress for 4-5Y, Festive wear",0.93
PRD9,Maroon Floral A-line Dress,Cutie Couture,Casual Dress,6-7Y,Girls,1859,1125,32,INR,Out of Stock,Cotton,Rayon,Opaque,Mild Stretch,120,A-line,Knee Length,Short Sleeve,Peter Pan,Zip,High-low,Adjustable,Cartoon Print,Bow,Maroon,Pastel,Pleated,Festive,Partially lined,Yes,High,Normal,Child-safe materials,2Y,72,64,26,Runs small,Dry clean,High,4,"maroon floral a-line dress, girls dress, kids fashion","Maroon Floral A-line Dress for 7-8Y, Party wear",0.86
PRD10,Mint Green Cartoon Print Regular Dress,Hopscotch,Casual Dress,5-6Y,Girls,1734,1215,20,INR,In Stock,Net,Satin,Opaque,Mild Stretch,150,Regular,Midi,Short Sleeve,Square,Button,Flared,Fixed,Floral,Bow,Mint Green,Bright,None,Birthday,Unlined,No,Medium,Normal,Child-safe materials,6Y,51,51,25,True to size,Dry clean,High,5,"mint green cartoon print regular dress, girls dress, kids fashion","Mint Green Cartoon Print Regular Dress for 7-8Y, Casual wear",0.96
PRD11,Maroon Solid Regular Dress,Pepe Jeans Junior,Dress,2-3Y,Girls,1112,808,59,INR,Out of Stock,Polyester,Tulle,Opaque,Mild Stretch,,Regular,Ankle Length,Sleeveless,Round,Zip,High-low,Adjustable,Polka Dot,Sequins,Maroon,Neutral,Smocked,Festive,Unlined,No,Medium,Lightweight,Child-safe materials,4Y,59,68,26,True to size,Dry clean,Medium,4,"maroon solid regular dress, girls dress, kids fashion","Maroon Solid Regular Dress for 4-5Y, Party wear",0.9
PRD12,Peach Polka Dot Flared Dress,H&M Kids,Frock,4-5Y,Girls,862,2055,27,INR,In Stock,Rayon,Polyester,Opaque,No Stretch,,Flared,Ankle Length,Cap Sleeve,V-neck,Button,High-low,Elastic,Floral,Ruffles,Peach,Bright,Layered,Birthday,Unlined,No,Medium,Lightweight,Child-safe materials,3Y,51,71,26,True to size,Hand wash,Medium,4,"peach polka dot flared dress, girls dress, kids fashion","Peach Polka Dot Flared Dress for 5-6Y, Party wear",0.96
PRD13,Blue Solid Regular Dress,Cutie Couture,Casual Dress,7-8Y,Girls,1453,830,57,INR,Low Stock,Rayon,Tulle,Opaque,Mild Stretch,180,A-line,Midi,Short Sleeve,Peter Pan,Zip,Straight,Adjustable,Solid,Sequins,Blue,Bright,Smocked,Festive,Fully lined,No,Medium,Normal,Child-safe materials,6Y,57,68,20,Runs large,Machine wash,High,3,"blue solid regular dress, girls dress, kids fashion","Blue Solid Regular Dress for 4-5Y, Casual wear",0.86
PRD14,Pink Floral Flared Dress,Hopscotch,Frock,6-7Y,Girls,1432,1218,28,INR,In Stock,Satin,Tulle,Opaque,Mild Stretch,120,Regular,Knee Length,Sleeveless,Square,Button,Flared,Adjustable,Floral,Lace,Pink,Neutral,Layered,Casual,Partially lined,No,High,Lightweight,Child-safe materials,2Y,61,68,30,Runs large,Machine wash,High,3,"pink floral flared dress, girls dress, kids fashion","Pink Floral Flared Dress for 7-8Y, Casual wear",0.88
PRD15,Mint Green Cartoon Print Regular Dress,Cutie Couture,Frock,6-7Y,Girls,985,1754,27,INR,Out of Stock,Tulle,Polyester,Opaque,No Stretch,150,Regular,Midi,Short Sleeve,Peter Pan,Elastic Waist,Flared,Fixed,Floral,None,Mint Green,Pastel,Layered,Party,Fully lined,No,High,Normal,Child-safe materials,7Y,53,74,18,Runs large,Dry clean,High,4,"mint green cartoon print regular dress, girls dress, kids fashion","Mint Green Cartoon Print Regular Dress for 3-4Y, Party wear",0.89
PRD16,Maroon Solid A-line Dress,Allen Solly Junior,Frock,5-6Y,Girls,1057,1959,6,INR,In Stock,Net,Satin,Opaque,Mild Stretch,,Flared,Knee Length,Short Sleeve,Round,Elastic Waist,High-low,Adjustable,Cartoon Print,None,Maroon,Neutral,None,Party,Fully lined,Yes,High,Lightweight,Child-safe materials,4Y,64,50,21,Runs small,Hand wash,Medium,5,"maroon solid a-line dress, girls dress, kids fashion","Maroon Solid A-line Dress for 3-4Y, Party wear",0.89
PRD17,Blue Solid Regular Dress,Cutie Couture,Casual Dress,2-3Y,Girls,1974,2438,25,INR,In Stock,Cotton,Polyester,Semi-sheer,Mild Stretch,150,Regular,Knee Length,Short Sleeve,V-neck,Button,Straight,Fixed,Floral,Lace,Blue,Bright,None,Casual,Unlined,Yes,High,Lightweight,Child-safe materials,3Y,62,76,28,Runs large,Hand wash,Medium,3,"blue solid regular dress, girls dress, kids fashion","Blue Solid Regular Dress for 6-7Y, Birthday wear",0.95
PRD18,Pink Floral A-line Dress,H&M Kids,Frock,6-7Y,Girls,1290,2095,41,INR,In Stock,Polyester,Cotton,Opaque,Mild Stretch,150,A-line,Knee Length,Sleeveless,V-neck,Zip,Straight,Elastic,Polka Dot,Bow,Pink,Neutral,None,Festive,Fully lined,No,High,Lightweight,Child-safe materials,6Y,53,80,26,Runs small,Machine wash,Medium,3,"pink floral a-line dress, girls dress, kids fashion","Pink Floral A-line Dress for 6-7Y, Casual wear",0.97
PRD19,Yellow Cartoon Print Flared Dress,Hopscotch,Casual Dress,4-5Y,Girls,1763,1249,10,INR,In Stock,Rayon,Tulle,Opaque,No Stretch,120,Regular,Ankle Length,Short Sleeve,Round,Elastic Waist,Flared,Adjustable,Cartoon Print,Sequins,Yellow,Bright,Smocked,Party,Fully lined,No,Medium,Normal,Child-safe materials,2Y,53,66,24,True to size,Hand wash,Medium,4,"yellow cartoon print flared dress, girls dress, kids fashion","Yellow Cartoon Print Flared Dress for 7-8Y, Casual wear",0.88
PRD20,Peach Floral Flared Dress,Hopscotch,Party Dress,3-4Y,Girls,1279,2019,52,INR,Low Stock,Polyester,Tulle,Opaque,Mild Stretch,,Flared,Midi,Sleeveless,Square,Elastic Waist,Straight,Elastic,Solid,Sequins,Peach,Pastel,Layered,Festive,Partially lined,Yes,High,Lightweight,Child-safe materials,3Y,75,66,21,True to size,Machine wash,High,4,"peach floral flared dress, girls dress, kids fashion","Peach Floral Flared Dress for 4-5Y, Party wear",0.91
PRD21,Yellow Solid Regular Dress,Hopscotch,Casual Dress,4-5Y,Girls,590,939,40,INR,In Stock,Rayon,Cotton,Semi-sheer,No Stretch,120,A-line,Ankle Length,Short Sleeve,V-neck,Button,High-low,Elastic,Floral,Bow,Yellow,Bright,Pleated,Casual,Fully lined,No,High,Normal,Child-safe materials,3Y,65,64,22,True to size,Machine wash,Medium,4,"yellow solid regular dress, girls dress, kids fashion","Yellow Solid Regular Dress for 7-8Y, Casual wear",0.86
PRD22,Peach Solid Flared Dress,Allen Solly Junior,Frock,5-6Y,Girls,1656,1822,40,INR,Out of Stock,Cotton,Rayon,Opaque,Mild Stretch,,A-line,Knee Length,Puff Sleeve,Square,Button,Straight,Fixed,Cartoon Print,None,Peach,Pastel,Layered,Festive,Fully lined,No,High,Normal,Child-safe materials,5Y,69,58,18,Runs small,Hand wash,Medium,4,"peach solid flared dress, girls dress, kids fashion","Peach Solid Flared Dress for 4-5Y, Festive wear",0.98
PRD23,Blue Cartoon Print A-line Dress,Hopscotch,Dress,4-5Y,Girls,1485,1690,46,INR,In Stock,Polyester,Tulle,Opaque,No Stretch,120,Regular,Knee Length,Puff Sleeve,Peter Pan,Button,Straight,Elastic,Polka Dot,Ruffles,Blue,Bright,Layered,Casual,Unlined,No,High,Normal,Child-safe materials,2Y,71,45,21,True to size,Hand wash,Medium,3,"blue cartoon print a-line dress, girls dress, kids fashion","Blue Cartoon Print A-line Dress for 4-5Y, Casual wear",0.97
PRD24,Maroon Cartoon Print Regular Dress,H&M Kids,Party Dress,4-5Y,Girls,1859,1390,53,INR,Out of Stock,Tulle,Cotton,Opaque,Mild Stretch,,A-line,Ankle Length,Cap Sleeve,Peter Pan,Button,Straight,Elastic,Cartoon Print,None,Maroon,Bright,Pleated,Birthday,Fully lined,No,High,Normal,Child-safe materials,2Y,53,53,23,Runs small,Dry clean,Medium,4,"maroon cartoon print regular dress, girls dress, kids fashion","Maroon Cartoon Print Regular Dress for 3-4Y, Birthday wear",0.96
PRD25,Yellow Floral Regular Dress,Pepe Jeans Junior,Frock,2-3Y,Girls,1338,1958,57,INR,Low Stock,Tulle,Cotton,Opaque,No Stretch,,Flared,Midi,Cap Sleeve,Peter Pan,Button,Straight,Adjustable,Cartoon Print,Bow,Yellow,Bright,Layered,Party,Fully lined,No,High,Lightweight,Child-safe materials,6Y,67,60,26,Runs small,Machine wash,High,3,"yellow floral regular dress, girls dress, kids fashion","Yellow Floral Regular Dress for 2-3Y, Party wear",0.94
PRD26,Maroon Polka Dot Regular Dress,H&M Kids,Casual Dress,7-8Y,Girls,1280,1473,54,INR,Out of Stock,Net,Tulle,Semi-sheer,Mild Stretch,,Flared,Midi,Cap Sleeve,Square,Zip,High-low,Adjustable,Cartoon Print,Bow,Maroon,Bright,None,Casual,Fully lined,Yes,High,Normal,Child-safe materials,5Y,58,64,26,Runs small,Dry clean,Medium,5,"maroon polka dot regular dress, girls dress, kids fashion","Maroon Polka Dot Regular Dress for 5-6Y, Party wear",0.87
PRD27,Blue Solid Flared Dress,Pepe Jeans Junior,Frock,4-5Y,Girls,540,2318,52,INR,Out of Stock,Rayon,Net,Semi-sheer,Mild Stretch,180,Flared,Midi,Puff Sleeve,Peter Pan,Button,Straight,Adjustable,Cartoon Print,Lace,Blue,Neutral,Layered,Party,Unlined,Yes,Medium,Lightweight,Child-safe materials,6Y,73,53,22,True to size,Machine wash,Medium,3,"blue solid flared dress, girls dress, kids fashion","Blue Solid Flared Dress for 2-3Y, Party wear",0.89
PRD28,Peach Floral Flared Dress,Cutie Couture,Casual Dress,4-5Y,Girls,1711,1509,43,INR,In Stock,Cotton,Cotton,Opaque,No Stretch,,Flared,Ankle Length,Short Sleeve,Square,Button,Straight,Adjustable,Cartoon Print,Sequins,Peach,Bright,None,Party,Fully lined,No,High,Lightweight,Child-safe materials,5Y,59,46,26,True to size,Machine wash,Medium,5,"peach floral flared dress, girls dress, kids fashion","Peach Floral Flared Dress for 7-8Y, Festive wear",0.91
PRD29,Pink Solid Regular Dress,H&M Kids,Party Dress,4-5Y,Girls,1505,1105,30,INR,Out of Stock,Net,Tulle,Opaque,Mild Stretch,180,A-line,Midi,Cap Sleeve,V-neck,Button,Flared,Adjustable,Floral,Ruffles,Pink,Pastel,Smocked,Casual,Partially lined,No,Medium,Normal,Child-safe materials,3Y,69,62,29,Runs large,Machine wash,Medium,4,"pink solid regular dress, girls dress, kids fashion","Pink Solid Regular Dress for 3-4Y, Festive wear",0.93
PRD30,Maroon Polka Dot Flared Dress,Allen Solly Junior,Casual Dress,6-7Y,Girls,1955,1264,25,INR,In Stock,Cotton,Net,Opaque,Mild Stretch,150,A-line,Knee Length,Sleeveless,Round,Button,High-low,Elastic,Solid,Lace,Maroon,Pastel,Pleated,Casual,Fully lined,No,High,Lightweight,Child-safe materials,5Y,52,75,23,True to size,Hand wash,Medium,4,"maroon polka dot flared dress, girls dress, kids fashion","Maroon Polka Dot Flared Dress for 6-7Y, Birthday wear",0.88
PRD31,Yellow Cartoon Print A-line Dress,Allen Solly Junior,Casual Dress,4-5Y,Girls,1755,1677,30,INR,Low Stock,Polyester,Cotton,Opaque,No Stretch,180,Flared,Knee Length,Puff Sleeve,Peter Pan,Zip,Flared,Fixed,Solid,Bow,Yellow,Neutral,Layered,Party,Fully lined,No,Medium,Lightweight,Child-safe materials,6Y,59,66,21,Runs large,Dry clean,High,4,"yellow cartoon print a-line dress, girls dress, kids fashion","Yellow Cartoon Print A-line Dress for 6-7Y, Party wear",0.91
PRD32,Maroon Cartoon Print Flared Dress,Pepe Jeans Junior,Frock,2-3Y,Girls,1315,1346,22,INR,Low Stock,Net,Tulle,Semi-sheer,No Stretch,,Flared,Ankle Length,Short Sleeve,V-neck,Zip,Flared,Adjustable,Polka Dot,None,Maroon,Bright,None,Festive,Fully lined,Yes,High,Normal,Child-safe materials,5Y,64,73,22,True to size,Machine wash,Medium,5,"maroon cartoon print flared dress, girls dress, kids fashion","Maroon Cartoon Print Flared Dress for 4-5Y, Festive wear",0.86
PRD33,Yellow Polka Dot Flared Dress,Cutie Couture,Frock,5-6Y,Girls,1063,2314,57,INR,Low Stock,Rayon,Net,Opaque,No Stretch,150,Flared,Ankle Length,Sleeveless,V-neck,Button,Flared,Elastic,Cartoon Print,Lace,Yellow,Bright,None,Birthday,Partially lined,Yes,Medium,Lightweight,Child-safe materials,4Y,54,48,27,True to size,Dry clean,High,3,"yellow polka dot flared dress, girls dress, kids fashion","Yellow Polka Dot Flared Dress for 2-3Y, Festive wear",0.98
PRD34,Pink Polka Dot Flared Dress,Pepe Jeans Junior,Party Dress,3-4Y,Girls,1757,1675,15,INR,Out of Stock,Satin,Rayon,Opaque,Mild Stretch,120,Flared,Ankle Length,Sleeveless,Peter Pan,Button,Flared,Fixed,Cartoon Print,Ruffles,Pink,Neutral,Smocked,Birthday,Partially lined,Yes,Medium,Lightweight,Child-safe materials,7Y,54,51,30,Runs large,Hand wash,High,4,"pink polka dot flared dress, girls dress, kids fashion","Pink Polka Dot Flared Dress for 2-3Y, Festive wear",0.93
PRD35,Maroon Polka Dot A-line Dress,Pepe Jeans Junior,Casual Dress,2-3Y,Girls,607,1656,27,INR,Low Stock,Satin,Net,Semi-sheer,Mild Stretch,180,Flared,Ankle Length,Puff Sleeve,Square,Elastic Waist,Straight,Elastic,Floral,Ruffles,Maroon,Pastel,Pleated,Birthday,Fully lined,No,High,Normal,Child-safe materials,4Y,60,51,24,Runs large,Hand wash,Medium,5,"maroon polka dot a-line dress, girls dress, kids fashion","Maroon Polka Dot A-line Dress for 2-3Y, Festive wear",0.97
PRD36,Blue Cartoon Print Flared Dress,H&M Kids,Casual Dress,5-6Y,Girls,1234,1210,54,INR,Out of Stock,Cotton,Cotton,Semi-sheer,No Stretch,120,A-line,Midi,Sleeveless,Square,Zip,Flared,Adjustable,Cartoon Print,Ruffles,Blue,Pastel,Smocked,Birthday,Partially lined,Yes,High,Normal,Child-safe materials,5Y,68,71,28,True to size,Machine wash,Medium,5,"blue cartoon print flared dress, girls dress, kids fashion","Blue Cartoon Print Flared Dress for 3-4Y, Birthday wear",0.92
PRD37,Peach Solid Flared Dress,Hopscotch,Party Dress,7-8Y,Girls,975,908,13,INR,In Stock,Polyester,Net,Semi-sheer,No Stretch,150,Flared,Ankle Length,Puff Sleeve,V-neck,Elastic Waist,Flared,Fixed,Floral,Bow,Peach,Pastel,None,Party,Partially lined,Yes,Medium,Normal,Child-safe materials,3Y,68,50,21,Runs large,Machine wash,High,5,"peach solid flared dress, girls dress, kids fashion","Peach Solid Flared Dress for 3-4Y, Birthday wear",0.9
PRD38,Mint Green Polka Dot Flared Dress,Pepe Jeans Junior,Dress,3-4Y,Girls,1215,1797,37,INR,In Stock,Rayon,Net,Semi-sheer,No Stretch,150,Flared,Ankle Length,Short Sleeve,V-neck,Elastic Waist,Flared,Fixed,Cartoon Print,None,Mint Green,Bright,Layered,Party,Fully lined,Yes,Medium,Normal,Child-safe materials,4Y,61,68,28,True to size,Hand wash,Medium,4,"mint green polka dot flared dress, girls dress, kids fashion","Mint Green Polka Dot Flared Dress for 5-6Y, Casual wear",0.86
PRD39,Maroon Solid Regular Dress,Hopscotch,Frock,4-5Y,Girls,909,2022,33,INR,Out of Stock,Polyester,Cotton,Semi-sheer,No Stretch,150,Flared,Knee Length,Short Sleeve,Square,Zip,Straight,Fixed,Floral,Ruffles,Maroon,Bright,Smocked,Party,Partially lined,No,High,Lightweight,Child-safe materials,6Y,67,53,30,True to size,Machine wash,Medium,4,"maroon solid regular dress, girls dress, kids fashion","Maroon Solid Regular Dress for 2-3Y, Casual wear",0.9
PRD40,Yellow Floral A-line Dress,Allen Solly Junior,Casual Dress,7-8Y,Girls,913,1811,58,INR,Out of Stock,Polyester,Cotton,Opaque,No Stretch,120,Flared,Ankle Length,Short Sleeve,Peter Pan,Button,High-low,Elastic,Floral,Lace,Yellow,Bright,Smocked,Casual,Unlined,No,Medium,Normal,Child-safe materials,5Y,71,62,21,Runs small,Machine wash,High,4,"yellow floral a-line dress, girls dress, kids fashion","Yellow Floral A-line Dress for 7-8Y, Casual wear",0.95
PRD41,Mint Green Cartoon Print Regular Dress,Cutie Couture,Frock,5-6Y,Girls,1577,2129,25,INR,Low Stock,Tulle,Rayon,Opaque,No Stretch,,Flared,Knee Length,Cap Sleeve,Round,Elastic Waist,Straight,Adjustable,Polka Dot,Lace,Mint Green,Neutral,Layered,Party,Fully lined,Yes,High,Normal,Child-safe materials,7Y,67,74,23,Runs large,Hand wash,Medium,3,"mint green cartoon print regular dress, girls dress, kids fashion","Mint Green Cartoon Print Regular Dress for 6-7Y, Festive wear",0.87
PRD42,Blue Floral Flared Dress,Allen Solly Junior,Casual Dress,3-4Y,Girls,847,839,47,INR,Out of Stock,Tulle,Net,Semi-sheer,No Stretch,,Regular,Midi,Cap Sleeve,Peter Pan,Elastic Waist,High-low,Elastic,Polka Dot,Lace,Blue,Pastel,Pleated,Birthday,Partially lined,No,Medium,Lightweight,Child-safe materials,2Y,53,78,26,True to size,Machine wash,Medium,4,"blue floral flared dress, girls dress, kids fashion","Blue Floral Flared Dress for 5-6Y, Birthday wear",0.98
PRD43,Peach Cartoon Print A-line Dress,Hopscotch,Casual Dress,6-7Y,Girls,1455,2366,23,INR,In Stock,Cotton,Tulle,Semi-sheer,Mild Stretch,120,A-line,Ankle Length,Cap Sleeve,Square,Zip,Straight,Adjustable,Cartoon Print,Bow,Peach,Neutral,None,Party,Partially lined,Yes,High,Normal,Child-safe materials,4Y,61,57,25,Runs large,Hand wash,High,5,"peach cartoon print a-line dress, girls dress, kids fashion","Peach Cartoon Print A-line Dress for 4-5Y, Festive wear",0.86
PRD44,Blue Polka Dot Regular Dress,Hopscotch,Casual Dress,2-3Y,Girls,1699,1403,53,INR,Out of Stock,Cotton,Tulle,Semi-sheer,No Stretch,180,Flared,Knee Length,Puff Sleeve,V-neck,Zip,High-low,Adjustable,Cartoon Print,Sequins,Blue,Pastel,Layered,Festive,Fully lined,Yes,High,Lightweight,Child-safe materials,2Y,59,73,22,True to size,Dry clean,High,4,"blue polka dot regular dress, girls dress, kids fashion","Blue Polka Dot Regular Dress for 3-4Y, Birthday wear",0.86
PRD45,Blue Solid A-line Dress,Pepe Jeans Junior,Dress,2-3Y,Girls,1149,1082,32,INR,In Stock,Net,Net,Semi-sheer,Mild Stretch,180,Flared,Midi,Puff Sleeve,Square,Button,Flared,Adjustable,Cartoon Print,Sequins,Blue,Pastel,Smocked,Casual,Unlined,Yes,Medium,Lightweight,Child-safe materials,5Y,65,57,26,Runs large,Dry clean,Medium,4,"blue solid a-line dress, girls dress, kids fashion","Blue Solid A-line Dress for 6-7Y, Birthday wear",0.94
PRD46,Maroon Floral Regular Dress,Allen Solly Junior,Party Dress,4-5Y,Girls,502,2339,23,INR,Low Stock,Rayon,Net,Semi-sheer,No Stretch,180,Flared,Knee Length,Sleeveless,Peter Pan,Elastic Waist,Straight,Fixed,Cartoon Print,None,Maroon,Pastel,None,Birthday,Unlined,No,Medium,Lightweight,Child-safe materials,2Y,74,74,28,True to size,Dry clean,Medium,5,"maroon regular dress, girls dress, kids fashion","Maroon Floral Regular Dress for 7-8Y, Casual wear",0.95
PRD47,Peach Solid A-line Dress,H&M Kids,Frock,4-5Y,Girls,1152,2359,29,INR,Low Stock,Tulle,Satin,Semi-sheer,Mild Stretch,150,Flared,Midi,Puff Sleeve,Square,Button,Straight,Fixed,Floral,Bow,Peach,Pastel,Pleated,Party,Fully lined,No,High,Lightweight,Child-safe materials,2Y,50,72,25,Runs large,Machine wash,High,5,"peach solid a-line dress, girls dress, kids fashion","Peach Solid A-line Dress for 6-7Y, Festive wear",0.9
PRD48,Blue Solid Regular Dress,Allen Solly Junior,Dress,4-5Y,Girls,1853,1012,55,INR,Out of Stock,Net,Net,Semi-sheer,No Stretch,,A-line,Ankle Length,Puff Sleeve,V-neck,Elastic Waist,High-low,Elastic,Solid,Lace,Blue,Pastel,None,Party,Unlined,No,High,Normal,Child-safe materials,7Y,54,46,26,Runs small,Dry clean,High,4,"blue solid regular dress, girls dress, kids fashion","Blue Solid Regular Dress for 3-4Y, Birthday wear",0.89
PRD49,Blue Floral A-line Dress,H&M Kids,Party Dress,7-8Y,Girls,1182,2295,47,INR,Out of Stock,Cotton,Polyester,Opaque,Mild Stretch,,Flared,Midi,Sleeveless,Round,Elastic Waist,Flared,Elastic,Solid,Bow,Blue,Pastel,Pleated,Casual,Fully lined,Yes,Medium,Normal,Child-safe materials,4Y,59,57,28,Runs small,Machine wash,Medium,3,"blue floral a-line dress, girls dress, kids fashion","Blue Floral A-line Dress for 2-3Y, Casual wear",0.96
PRD50,Maroon Cartoon Print A-line Dress,Hopscotch,Casual Dress,2-3Y,Girls,1969,1434,17,INR,Out of Stock,Net,Polyester,Semi-sheer,Mild Stretch,180,A-line,Midi,Sleeveless,Peter Pan,Zip,Straight,Adjustable,Polka Dot,None,Maroon,Pastel,Layered,Party,Fully lined,No,High,Lightweight,Child-safe materials,5Y,69,71,29,Runs large,Dry clean,High,5,"maroon cartoon print a-line dress, girls dress, kids fashion","Maroon Cartoon Print A-line Dress for 6-7Y, Festive wear",0.98
PRD51,Mint Green Polka Dot A-line Dress,Allen Solly Junior,Frock,3-4Y,Girls,1182,920,26,INR,Out of Stock,Net,Rayon,Opaque,Mild Stretch,180,Regular,Knee Length,Short Sleeve,V-neck,Button,Straight,Adjustable,Solid,Lace,Mint Green,Pastel,Layered,Casual,Partially lined,No,Medium,Lightweight,Child-safe materials,2Y,71,74,21,True to size,Dry clean,High,5,"mint green polka dot a-line dress, girls dress, kids fashion","Mint Green Polka Dot A-line Dress for 7-8Y, Casual wear",0.95
PRD52,Maroon Solid A-line Dress,Cutie Couture,Frock,2-3Y,Girls,1328,1923,57,INR,Low Stock,Net,Net,Semi-sheer,Mild Stretch,,Flared,Midi,Puff Sleeve,Round,Zip,Straight,Fixed,Floral,Bow,Maroon,Neutral,None,Birthday,Fully lined,No,Medium,Normal,Child-safe materials,2Y,68,59,28,Runs large,Machine wash,High,3,"maroon solid a-line dress, girls dress, kids fashion","Maroon Solid A-line Dress for 5-6Y, Casual wear",0.87
PRD53,Blue Floral Flared Dress,Allen Solly Junior,Casual Dress,6-7Y,Girls,1679,1970,56,INR,Out of Stock,Cotton,Rayon,Opaque,No Stretch,,Flared,Ankle Length,Puff Sleeve,Square,Elastic Waist,Straight,Elastic,Solid,Bow,Blue,Neutral,None,Casual,Partially lined,Yes,High,Normal,Child-safe materials,3Y,73,75,24,Runs large,Machine wash,Medium,4,"blue floral flared dress, girls dress, kids fashion","Blue Floral Flared Dress for 3-4Y, Casual wear",0.96
PRD54,Peach Cartoon Print A-line Dress,Allen Solly Junior,Casual Dress,5-6Y,Girls,1690,1375,21,INR,Low Stock,Rayon,Polyester,Opaque,Mild Stretch,120,A-line,Ankle Length,Short Sleeve,V-neck,Button,Straight,Adjustable,Polka Dot,Lace,Peach,Pastel,None,Casual,Unlined,Yes,High,Lightweight,Child-safe materials,6Y,61,78,26,Runs small,Dry clean,Medium,3,"peach cartoon print a-line dress, girls dress, kids fashion","Peach Cartoon Print A-line Dress for 7-8Y, Casual wear",0.95
PRD55,Peach Solid A-line Dress,H&M Kids,Dress,2-3Y,Girls,1822,1229,46,INR,Low Stock,Tulle,Tulle,Semi-sheer,Mild Stretch,180,Flared,Ankle Length,Short Sleeve,Round,Elastic Waist,Straight,Elastic,Solid,Bow,Peach,Neutral,Pleated,Festive,Fully lined,Yes,Medium,Normal,Child-safe materials,5Y,58,71,28,Runs small,Hand wash,Medium,4,"peach solid a-line dress, girls dress, kids fashion","Peach Solid A-line Dress for 7-8Y, Birthday wear",0.93
PRD56,Maroon Floral Regular Dress,Allen Solly Junior,Dress,6-7Y,Girls,1022,1490,58,INR,Out of Stock,Cotton,Rayon,Semi-sheer,No Stretch,150,A-line,Knee Length,Short Sleeve,Round,Button,Straight,Adjustable,Floral,Sequins,Maroon,Bright,Layered,Casual,Partially lined,No,Medium,Normal,Child-safe materials,4Y,58,56,29,Runs small,Machine wash,High,5,"maroon floral regular dress, girls dress, kids fashion","Maroon Floral Regular Dress for 4-5Y, Birthday wear",0.94
PRD57,Maroon Cartoon Print Flared Dress,Pepe Jeans Junior,Casual Dress,6-7Y,Girls,1072,2161,40,INR,In Stock,Satin,Satin,Opaque,Mild Stretch,180,Flared,Ankle Length,Short Sleeve,Square,Zip,High-low,Elastic,Polka Dot,Ruffles,Maroon,Pastel,Layered,Birthday,Unlined,No,Medium,Normal,Child-safe materials,2Y,53,59,19,Runs large,Hand wash,High,3,"maroon cartoon print flared dress, girls dress, kids fashion","Maroon Cartoon Print Flared Dress for 5-6Y, Casual wear",0.85
PRD58,Yellow Solid Flared Dress,Pepe Jeans Junior,Frock,4-5Y,Girls,1841,1494,27,INR,Low Stock,Cotton,Polyester,Opaque,No Stretch,180,Regular,Ankle Length,Short Sleeve,Square,Zip,Flared,Elastic,Solid,Lace,Yellow,Bright,Smocked,Casual,Unlined,No,Medium,Normal,Child-safe materials,3Y,64,60,19,Runs large,Hand wash,Medium,3,"yellow solid flared dress, girls dress, kids fashion","Yellow Solid Flared Dress for 2-3Y, Party wear",0.95
PRD59,Peach Floral A-line Dress,Allen Solly Junior,Party Dress,2-3Y,Girls,625,1211,33,INR,Out of Stock,Cotton,Tulle,Opaque,Mild Stretch,150,A-line,Knee Length,Puff Sleeve,Round,Elastic Waist,Flared,Fixed,Floral,Bow,Peach,Neutral,None,Festive,Unlined,Yes,Medium,Lightweight,Child-safe materials,2Y,50,68,21,Runs large,Dry clean,High,5,"peach floral a-line dress, girls dress, kids fashion","Peach Floral A-line Dress for 7-8Y, Birthday wear",0.87
PRD60,Pink Cartoon Print Flared Dress,Allen Solly Junior,Casual Dress,3-4Y,Girls,1628,2226,42,INR,In Stock,Net,Satin,Semi-sheer,Mild Stretch,,A-line,Midi,Short Sleeve,Round,Zip,High-low,Adjustable,Polka Dot,Lace,Pink,Bright,Layered,Casual,Fully lined,No,High,Normal,Child-safe materials,5Y,63,65,23,Runs small,Machine wash,Medium,5,"pink cartoon print flared dress, girls dress, kids fashion","Pink Cartoon Print Flared Dress for 2-3Y, Birthday wear",0.94
PRD61,Peach Polka Dot Flared Dress,Pepe Jeans Junior,Dress,7-8Y,Girls,1082,1402,19,INR,Out of Stock,Tulle,Rayon,Semi-sheer,Mild Stretch,180,A-line,Midi,Cap Sleeve,Round,Button,High-low,Fixed,Floral,Lace,Peach,Bright,Layered,Festive,Fully lined,No,High,Lightweight,Child-safe materials,4Y,60,52,27,Runs large,Hand wash,High,5,"peach polka dot flared dress, girls dress, kids fashion","Peach Polka Dot Flared Dress for 2-3Y, Casual wear",0.86
PRD62,Peach Cartoon Print Regular Dress,Hopscotch,Dress,5-6Y,Girls,1526,2405,25,INR,Out of Stock,Polyester,Satin,Opaque,Mild Stretch,150,Flared,Midi,Puff Sleeve,V-neck,Button,Straight,Elastic,Cartoon Print,Lace,Peach,Pastel,None,Festive,Partially lined,No,Medium,Lightweight,Child-safe materials,7Y,57,60,21,Runs small,Hand wash,High,4,"peach cartoon print regular dress, girls dress, kids fashion","Peach Cartoon Print Regular Dress for 4-5Y, Casual wear",0.88
PRD63,Maroon Cartoon Print Flared Dress,Cutie Couture,Party Dress,4-5Y,Girls,1513,970,20,INR,Out of Stock,Cotton,Net,Semi-sheer,Mild Stretch,120,Regular,Midi,Cap Sleeve,Peter Pan,Elastic Waist,High-low,Adjustable,Floral,Lace,MAroon,Neutral,Smocked,Party,Partially lined,No,Medium,Normal,Child-safe materials,2Y,56,69,19,True to size,Machine wash,High,5,"maroon cartoon print flared dress, girls dress, kids fashion","Maroon Cartoon Print Flared Dress for 6-7Y, Casual wear",0.95
PRD64,Pink Polka Dot A-line Dress,Cutie Couture,Casual Dress,3-4Y,Girls,1516,2154,48,INR,Out of Stock,Polyester,Satin,Opaque,Mild Stretch,180,A-line,Knee Length,Sleeveless,Square,Zip,Flared,Fixed,Polka Dot,Ruffles,Pink,Bright,Layered,Casual,Fully lined,Yes,Medium,Lightweight,Child-safe materials,4Y,63,80,29,Runs large,Hand wash,Medium,4,"pink polka dot a-line dress, girls dress, kids fashion","Pink Polka Dot A-line Dress for 6-7Y, Party wear",0.96
PRD65,Maroon Solid Flared Dress,H&M Kids,Dress,6-7Y,Girls,1460,813,20,INR,Low Stock,Net,Polyester,Semi-sheer,Mild Stretch,180,Regular,Midi,Puff Sleeve,V-neck,Elastic Waist,Straight,Elastic,Cartoon Print,Ruffles,Maroon,Bright,None,Festive,Fully lined,Yes,High,Normal,Child-safe materials,3Y,67,47,25,True to size,Dry clean,Medium,3,"maroon solid flared dress, girls dress, kids fashion","Maroon Solid Flared Dress for 2-3Y, Festive wear",0.96
PRD66,Pink Polka Dot A-line Dress,Pepe Jeans Junior,Dress,3-4Y,Girls,872,2439,20,INR,Out of Stock,Polyester,Satin,Semi-sheer,Mild Stretch,180,A-line,Midi,Short Sleeve,Round,Button,High-low,Fixed,Polka Dot,Ruffles,Pink,Neutral,Pleated,Birthday,Partially lined,Yes,Medium,Normal,Child-safe materials,7Y,64,55,18,True to size,Machine wash,Medium,5,"pink polka dot a-line dress, girls dress, kids fashion","Pink Polka Dot A-line Dress for 6-7Y, Party wear",0.95
PRD67,Mint Green Solid A-line Dress,H&M Kids,Party Dress,3-4Y,Girls,595,1690,37,INR,In Stock,Cotton,Tulle,Opaque,No Stretch,180,A-line,Midi,Cap Sleeve,V-neck,Zip,Straight,Adjustable,Solid,Ruffles,Mint Green,Neutral,None,Birthday,Unlined,No,Medium,Lightweight,Child-safe materials,6Y,66,59,20,Runs small,Dry clean,Medium,5,"mint green solid a-line dress, girls dress, kids fashion","Mint Green Solid A-line Dress for 3-4Y, Party wear",0.87
PRD68,Peach Cartoon Print Flared Dress,Hopscotch,Dress,7-8Y,Girls,1165,2378,17,INR,Low Stock,Cotton,Net,Semi-sheer,Mild Stretch,,Regular,Midi,Puff Sleeve,Round,Zip,Flared,Fixed,Polka Dot,Lace,PEach,Pastel,Pleated,Casual,Fully lined,No,High,Normal,Child-safe materials,6Y,68,49,29,True to size,Dry clean,Medium,4,"peach cartoon print flared dress, girls dress, kids fashion","Peach Cartoon Print Flared Dress for 6-7Y, Party wear",0.94
PRD69,Blue Cartoon Print Regular Dress,Pepe Jeans Junior,Party Dress,2-3Y,Girls,513,1977,26,INR,In Stock,Polyester,Tulle,Semi-sheer,Mild Stretch,150,Regular,Ankle Length,Puff Sleeve,Round,Elastic Waist,Flared,Elastic,Cartoon Print,None,Blue,Neutral,Smocked,Festive,Fully lined,Yes,High,Lightweight,Child-safe materials,5Y,65,60,23,Runs large,Hand wash,Medium,4,"blue cartoon print regular dress, girls dress, kids fashion","Blue Cartoon Print Regular Dress for 7-8Y, Birthday wear",0.9
PRD70,Mint Green Floral Flared Dress,Hopscotch,Frock,6-7Y,Girls,1287,1784,43,INR,Out of Stock,Net,Net,Opaque,Mild Stretch,150,Regular,Ankle Length,Cap Sleeve,Peter Pan,Elastic Waist,Flared,Fixed,Solid,Bow,Mint Green,Pastel,Smocked,Birthday,Partially lined,Yes,High,Normal,Child-safe materials,4Y,50,50,18,Runs large,Dry clean,Medium,5,"mint green floral flared dress, girls dress, kids fashion","Mint Green Floral Flared Dress for 3-4Y, Birthday wear",0.94
PRD71,Mint Green Cartoon Print A-line Dress,Allen Solly Junior,Dress,3-4Y,Girls,973,1656,16,INR,Out of Stock,Net,Cotton,Opaque,Mild Stretch,120,Flared,Midi,Cap Sleeve,V-neck,Button,Flared,Elastic,Floral,Sequins,Mint Green,Pastel,None,Casual,Unlined,No,High,Normal,Child-safe materials,3Y,57,64,19,Runs small,Hand wash,High,3,"mint green cartoon print a-line dress, girls dress, kids fashion","Mint Green Cartoon Print A-line Dress for 6-7Y, Party wear",0.91
PRD72,Pink Solid A-line Dress,H&M Kids,Frock,7-8Y,Girls,1427,1798,40,INR,Low Stock,Rayon,Rayon,Opaque,No Stretch,120,Regular,Ankle Length,Short Sleeve,V-neck,Elastic Waist,High-low,Fixed,Cartoon Print,Bow,Pink,Bright,Smocked,Birthday,Unlined,Yes,High,Lightweight,Child-safe materials,6Y,69,56,20,Runs large,Dry clean,Medium,5,"pink solid a-line dress, girls dress, kids fashion","Pink Solid A-line Dress for 4-5Y, Birthday wear",0.95
PRD73,Mint Green Floral A-line Dress,Cutie Couture,Party Dress,2-3Y,Girls,1698,1819,35,INR,Low Stock,Rayon,Net,Opaque,Mild Stretch,120,A-line,Midi,Puff Sleeve,Peter Pan,Button,Flared,Fixed,Polka Dot,None,Mint Green,Neutral,Smocked,Festive,Unlined,Yes,High,Normal,Child-safe materials,7Y,58,69,19,True to size,Machine wash,High,4,"mint green floral a-line dress, girls dress, kids fashion","Mint Green Floral A-line Dress for 4-5Y, Party wear",0.93
PRD74,Peach Polka Dot A-line Dress,Cutie Couture,Party Dress,3-4Y,Girls,1054,1263,45,INR,Low Stock,Cotton,Net,Opaque,Mild Stretch,120,Regular,Midi,Cap Sleeve,V-neck,Button,Flared,Elastic,Cartoon Print,Lace,Peach,Pastel,Layered,Casual,Fully lined,No,Medium,Normal,Child-safe materials,5Y,74,45,21,Runs small,Hand wash,Medium,3,"peach polka dot a-line dress, girls dress, kids fashion","Peach Polka Dot A-line Dress for 7-8Y, Party wear",0.93
PRD75,Blue Solid Regular Dress,Cutie Couture,Frock,5-6Y,Girls,1619,2488,35,INR,Low Stock,Satin,Tulle,Opaque,No Stretch,150,Regular,Knee Length,Sleeveless,Round,Zip,Straight,Fixed,Solid,Lace,Blue,Pastel,Pleated,Party,Fully lined,Yes,High,Normal,Child-safe materials,4Y,51,60,26,Runs large,Hand wash,High,5,"blue solid regular dress, girls dress, kids fashion","Blue Solid Regular Dress for 2-3Y, Party wear",0.87
PRD76,Yellow Floral Regular Dress,Pepe Jeans Junior,Dress,3-4Y,Girls,1915,1581,48,INR,Low Stock,Satin,Polyester,Opaque,No Stretch,180,Regular,Knee Length,Puff Sleeve,Square,Zip,Flared,Fixed,Floral,Bow,Yellow,Bright,Smocked,Casual,Partially lined,No,Medium,Lightweight,Child-safe materials,7Y,60,57,22,Runs small,Dry clean,High,3,"yellow floral regular dress, girls dress, kids fashion","Yellow Floral Regular Dress for 3-4Y, Birthday wear",0.92
PRD77,Peach Solid Flared Dress,Pepe Jeans Junior,Frock,5-6Y,Girls,1476,1140,48,INR,In Stock,Satin,Satin,Opaque,Mild Stretch,150,Flared,Knee Length,Sleeveless,Peter Pan,Elastic Waist,Flared,Elastic,Solid,Lace,Peach,Pastel,None,Casual,Unlined,No,High,Normal,Child-safe materials,7Y,63,61,18,True to size,Machine wash,High,3,"peach solid flared dress, girls dress, kids fashion","Peach Solid Flared Dress for 3-4Y, Party wear",0.98
PRD78,Blue Floral Regular Dress,Pepe Jeans Junior,Dress,5-6Y,Girls,1823,1620,18,INR,Low Stock,Cotton,Polyester,Opaque,No Stretch,180,Flared,Knee Length,Cap Sleeve,V-neck,Elastic Waist,Straight,Fixed,Cartoon Print,Ruffles,Blue,Pastel,Pleated,Party,Unlined,Yes,High,Normal,Child-safe materials,4Y,66,52,18,Runs small,Dry clean,High,4,"blue floral regular dress, girls dress, kids fashion","Blue Floral Regular Dress for 5-6Y, Birthday wear",0.85
PRD79,Yellow Polka Dot Flared Dress,Allen Solly Junior,Party Dress,2-3Y,Girls,1852,1833,18,INR,Out of Stock,Satin,Cotton,Opaque,Mild Stretch,120,Regular,Midi,Short Sleeve,V-neck,Button,High-low,Adjustable,Polka Dot,Ruffles,Maroon,Neutral,Pleated,Festive,Partially lined,Yes,Medium,Normal,Child-safe materials,5Y,64,63,21,Runs large,Hand wash,Medium,4,"yellow polka dot flared dress, girls dress, kids fashion","Yellow Polka Dot Flared Dress for 4-5Y, Festive wear",0.99
PRD80,Maroon Polka Dot A-line Dress,Cutie Couture,Frock,7-8Y,Girls,1088,1981,32,INR,Out of Stock,Polyester,Tulle,Opaque,No Stretch,,Regular,Knee Length,Short Sleeve,Square,Elastic Waist,Straight,Fixed,Floral,Sequins,Maroon,Bright,Smocked,Party,Fully lined,No,Medium,Lightweight,Child-safe materials,2Y,57,52,26,True to size,Dry clean,High,5,"maroon polka dot a-line dress, girls dress, kids fashion","Maroon Polka Dot A-line Dress for 2-3Y, Party wear",0.86
PRD81,Pink Polka Dot A-line Dress,Allen Solly Junior,Frock,6-7Y,Girls,1211,1957,41,INR,Out of Stock,Tulle,Cotton,Semi-sheer,No Stretch,120,Flared,Ankle Length,Sleeveless,Round,Zip,Straight,Fixed,Solid,Ruffles,Pink,Pastel,Smocked,Party,Unlined,Yes,High,Lightweight,Child-safe materials,4Y,53,66,30,Runs large,Machine wash,High,5,"pink polka dot a-line dress, girls dress, kids fashion","Pink Polka Dot A-line Dress for 5-6Y, Birthday wear",0.89
PRD82,Yellow Solid A-line Dress,Cutie Couture,Party Dress,4-5Y,Girls,1524,898,31,INR,Low Stock,Cotton,Net,Semi-sheer,Mild Stretch,150,Regular,Knee Length,Puff Sleeve,V-neck,Zip,Flared,Fixed,Cartoon Print,Bow,Yellow,Pastel,Layered,Festive,Partially lined,Yes,High,Normal,Child-safe materials,2Y,56,52,20,Runs large,Hand wash,High,5,"yellow solid a-line dress, girls dress, kids fashion","Yellow Solid A-line Dress for 3-4Y, Birthday wear",0.94
PRD83,Blue Floral Regular Dress,Hopscotch,Casual Dress,3-4Y,Girls,1837,807,26,INR,In Stock,Satin,Polyester,Semi-sheer,Mild Stretch,120,A-line,Midi,Short Sleeve,Square,Elastic Waist,High-low,Adjustable,Cartoon Print,Bow,Blue,Pastel,Smocked,Birthday,Unlined,No,Medium,Lightweight,Child-safe materials,5Y,51,68,29,Runs large,Machine wash,High,4,"blue floral regular dress, girls dress, kids fashion","Blue Floral Regular Dress for 5-6Y, Casual wear",0.89
PRD84,Yellow Cartoon Print Flared Dress,Hopscotch,Frock,7-8Y,Girls,724,2309,11,INR,Out of Stock,Net,Net,Opaque,No Stretch,,Flared,Ankle Length,Sleeveless,V-neck,Zip,High-low,Fixed,Solid,Sequins,Yellow,Pastel,Layered,Birthday,Fully lined,Yes,Medium,Normal,Child-safe materials,2Y,64,57,26,True to size,Hand wash,Medium,4,"yellow cartoon print flared dress, girls dress, kids fashion","Yellow Cartoon Print Flared Dress for 4-5Y, Festive wear",0.88
PRD85,Peach Floral A-line Dress,Pepe Jeans Junior,Casual Dress,5-6Y,Girls,786,1292,53,INR,In Stock,Net,Net,Semi-sheer,No Stretch,180,Flared,Midi,Puff Sleeve,V-neck,Elastic Waist,Straight,Fixed,Polka Dot,Ruffles,Peach,Neutral,Pleated,Casual,Partially lined,Yes,High,Lightweight,Child-safe materials,3Y,70,58,21,Runs small,Hand wash,Medium,5,"peach floral a-line dress, girls dress, kids fashion","Peach Floral A-line Dress for 6-7Y, Casual wear",0.89
PRD86,Maroon Polka Dot Flared Dress,Hopscotch,Casual Dress,4-5Y,Girls,1578,1543,53,INR,In Stock,Rayon,Satin,Opaque,No Stretch,150,Flared,Ankle Length,Sleeveless,V-neck,Elastic Waist,Flared,Fixed,Solid,None,Maroon,Bright,None,Birthday,Unlined,No,High,Normal,Child-safe materials,4Y,51,52,20,Runs large,Machine wash,Medium,5,"maroon polka dot flared dress, girls dress, kids fashion","Maroon Polka Dot Flared Dress for 3-4Y, Casual wear",0.87
PRD87,Maroon Polka Dot Regular Dress,Allen Solly Junior,Dress,6-7Y,Girls,1399,2253,42,INR,Out of Stock,Net,Satin,Opaque,No Stretch,120,A-line,Knee Length,Sleeveless,V-neck,Zip,Flared,Fixed,Solid,Ruffles,Maroon,Bright,Pleated,Party,Partially lined,Yes,High,Lightweight,Child-safe materials,7Y,75,71,18,True to size,Machine wash,High,4,"maroon polka dot regular dress, girls dress, kids fashion","Maroon Polka Dot Regular Dress for 6-7Y, Casual wear",0.98
PRD88,Peach Floral Regular Dress,Cutie Couture,Party Dress,5-6Y,Girls,1691,2156,48,INR,Out of Stock,Rayon,Rayon,Opaque,Mild Stretch,150,A-line,Knee Length,Puff Sleeve,Round,Button,High-low,Adjustable,Solid,Sequins,Peach,Neutral,Smocked,Birthday,Fully lined,Yes,Medium,Lightweight,Child-safe materials,5Y,53,57,20,Runs large,Machine wash,High,5,"peach floral regular dress, girls dress, kids fashion","Peach Floral Regular Dress for 5-6Y, Party wear",0.95
PRD89,Mint Green Floral Regular Dress,Cutie Couture,Dress,4-5Y,Girls,1216,2451,60,INR,In Stock,Net,Polyester,Semi-sheer,No Stretch,180,Flared,Ankle Length,Short Sleeve,Square,Zip,Straight,Fixed,Floral,None,Mint Green,Neutral,Smocked,Birthday,Partially lined,Yes,Medium,Normal,Child-safe materials,4Y,51,48,25,Runs small,Machine wash,Medium,5,"mint green floral regular dress, girls dress, kids fashion","Mint Green Floral Regular Dress for 5-6Y, Festive wear",0.89
PRD90,Maroon Polka Dot Flared Dress,Hopscotch,Casual Dress,6-7Y,Girls,1480,1996,49,INR,Out of Stock,Cotton,Net,Opaque,No Stretch,,A-line,Midi,Cap Sleeve,V-neck,Zip,Straight,Fixed,Floral,Bow,Maroon,Neutral,Pleated,Casual,Unlined,No,Medium,Normal,Child-safe materials,5Y,66,74,24,Runs small,Hand wash,Medium,5,"maroon polka dot flared dress, girls dress, kids fashion","Maroon Polka Dot Flared Dress for 4-5Y, Party wear",0.85
PRD91,Yellow Floral Flared Dress,Pepe Jeans Junior,Frock,3-4Y,Girls,1670,1623,58,INR,Out of Stock,Tulle,Net,Semi-sheer,Mild Stretch,150,A-line,Knee Length,Puff Sleeve,Round,Zip,Straight,Adjustable,Cartoon Print,Bow,Yellow,Neutral,Layered,Birthday,Unlined,Yes,High,Normal,Child-safe materials,2Y,53,55,19,Runs small,Dry clean,High,5,"yellow floral flared dress, girls dress, kids fashion","Yellow Floral Flared Dress for 5-6Y, Festive wear",0.88
PRD92,Yellow Polka Dot A-line Dress,H&M Kids,Dress,2-3Y,Girls,711,2140,43,INR,In Stock,Polyester,Net,Semi-sheer,No Stretch,150,Regular,Knee Length,Sleeveless,Square,Elastic Waist,Straight,Adjustable,Cartoon Print,None,Yellow,Bright,Smocked,Birthday,Unlined,Yes,High,Normal,Child-safe materials,5Y,71,74,20,True to size,Dry clean,High,5,"yellow polka dot a-line dress, girls dress, kids fashion","Yellow Polka Dot A-line Dress for 3-4Y, Festive wear",0.93
PRD93,Pink Cartoon Print Regular Dress,Cutie Couture,Casual Dress,3-4Y,Girls,773,1456,18,INR,Low Stock,Tulle,Rayon,Semi-sheer,No Stretch,150,A-line,Midi,Sleeveless,V-neck,Button,Straight,Elastic,Cartoon Print,Ruffles,Pink,Neutral,None,Festive,Unlined,No,High,Normal,Child-safe materials,5Y,62,56,25,Runs large,Machine wash,Medium,4,"pink cartoon print regular dress, girls dress, kids fashion","Pink Cartoon Print Regular Dress for 4-5Y, Festive wear",0.9
PRD94,Yellow Solid Regular Dress,Cutie Couture,Casual Dress,4-5Y,Girls,1064,1878,16,INR,Out of Stock,Net,Cotton,Opaque,Mild Stretch,,Regular,Midi,Puff Sleeve,V-neck,Zip,Straight,Fixed,Cartoon Print,Sequins,Yellow,Pastel,Layered,Casual,Partially lined,No,High,Lightweight,Child-safe materials,3Y,55,77,24,True to size,Hand wash,Medium,3,"yellow solid regular dress, girls dress, kids fashion","Yellow Solid Regular Dress for 3-4Y, Birthday wear",0.91
PRD95,Blue Solid Flared Dress,Cutie Couture,Frock,3-4Y,Girls,1746,1621,36,INR,Low Stock,Tulle,Rayon,Semi-sheer,Mild Stretch,,A-line,Midi,Cap Sleeve,Square,Elastic Waist,Straight,Elastic,Polka Dot,Bow,Blue,Bright,Layered,Party,Partially lined,No,Medium,Lightweight,Child-safe materials,2Y,70,76,23,Runs small,Dry clean,High,4,"blue solid flared dress, girls dress, kids fashion","Blue Solid Flared Dress for 5-6Y, Casual wear",0.91
PRD96,Maroon Polka Dot Regular Dress,H&M Kids,Frock,5-6Y,Girls,1261,1126,33,INR,Low Stock,Rayon,Rayon,Opaque,No Stretch,,Flared,Knee Length,Sleeveless,Peter Pan,Button,Straight,Elastic,Solid,Sequins,Maroon,Bright,Smocked,Birthday,Fully lined,No,Medium,Normal,Child-safe materials,6Y,72,68,19,Runs large,Machine wash,High,4,"maroon polka dot regular dress, girls dress, kids fashion","Maroon Polka Dot Regular Dress for 4-5Y, Birthday wear",0.86
PRD97,Maroon Polka Dot Regular Dress,Allen Solly Junior,Party Dress,6-7Y,Girls,876,1315,38,INR,In Stock,Net,Cotton,Opaque,No Stretch,120,Regular,Knee Length,Sleeveless,Round,Zip,Flared,Adjustable,Solid,None,Maroon,Bright,Pleated,Festive,Fully lined,Yes,Medium,Normal,Child-safe materials,5Y,67,45,28,Runs small,Dry clean,High,4,"maroon polka dot regular dress, girls dress, kids fashion","Maroon Polka Dot Regular Dress for 3-4Y, Birthday wear",0.91
PRD98,Yellow Solid Flared Dress,H&M Kids,Frock,6-7Y,Girls,1353,1109,25,INR,In Stock,Satin,Satin,Semi-sheer,Mild Stretch,120,A-line,Ankle Length,Puff Sleeve,V-neck,Zip,High-low,Adjustable,Floral,Bow,Yellow,Neutral,Layered,Casual,Unlined,Yes,Medium,Normal,Child-safe materials,6Y,70,69,19,Runs small,Hand wash,Medium,3,"yellow solid flared dress, girls dress, kids fashion","Yellow Solid Flared Dress for 2-3Y, Casual wear",0.96
PRD99,Blue Solid Flared Dress,Cutie Couture,Frock,3-4Y,Girls,980,1189,56,INR,Low Stock,Satin,Polyester,Semi-sheer,Mild Stretch,180,Flared,Knee Length,Puff Sleeve,V-neck,Zip,High-low,Adjustable,Solid,None,Blue,Bright,Smocked,Casual,Partially lined,No,High,Normal,Child-safe materials,7Y,73,78,23,Runs large,Machine wash,Medium,5,"blue solid flared dress, girls dress, kids fashion","Blue Solid Flared Dress for 6-7Y, Festive wear",0.9
PRD100,Mint Green Cartoon Print A-line Dress,H&M Kids,Casual Dress,5-6Y,Girls,922,1153,60,INR,Out of Stock,Tulle,Satin,Semi-sheer,Mild Stretch,150,Regular,Knee Length,Short Sleeve,V-neck,Button,Straight,Elastic,Floral,Ruffles,Mint Green,Pastel,Smocked,Casual,Unlined,No,High,Lightweight,Child-safe materials,6Y,51,64,22,Runs small,Hand wash,Medium,5,"mint green cartoon print a-line dress, girls dress, kids fashion","Mint Green Cartoon Print A-line Dress for 4-5Y, Festive wear",0.88
PRD101,Peach Solid Regular Dress,Cutie Couture,Frock,5-6Y,Girls,1037,1690,5,INR,Out of Stock,Polyester,Net,Semi-sheer,Mild Stretch,120,A-line,Ankle Length,Cap Sleeve,Round,Zip,Straight,Adjustable,Solid,Lace,Peach,Bright,Layered,Party,Unlined,No,High,Lightweight,Child-safe materials,3Y,66,65,26,Runs small,Dry clean,Medium,3,"peach solid regular dress, girls dress, kids fashion","Peach Solid Regular Dress for 7-8Y, Festive wear",0.91
PRD102,Pink Solid Regular Dress,H&M Kids,Dress,7-8Y,Girls,927,1377,12,INR,Out of Stock,Satin,Tulle,Semi-sheer,Mild Stretch,120,A-line,Ankle Length,Cap Sleeve,Peter Pan,Button,Flared,Elastic,Floral,Lace,Pink,Pastel,Layered,Birthday,Partially lined,No,Medium,Lightweight,Child-safe materials,7Y,54,55,30,True to size,Dry clean,Medium,3,"pink solid regular dress, girls dress, kids fashion","Pink Solid Regular Dress for 5-6Y, Party wear",0.91
PRD103,Pink Solid A-line Dress,Allen Solly Junior,Dress,5-6Y,Girls,1243,943,35,INR,Out of Stock,Polyester,Tulle,Opaque,No Stretch,,Flared,Midi,Cap Sleeve,Peter Pan,Button,Straight,Elastic,Floral,None,Pink,Pastel,Pleated,Festive,Fully lined,No,High,Normal,Child-safe materials,6Y,57,53,25,Runs small,Hand wash,Medium,5,"pink solid a-line dress, girls dress, kids fashion","Pink Solid A-line Dress for 2-3Y, Birthday wear",0.87
PRD104,Pink Floral Regular Dress,Hopscotch,Party Dress,5-6Y,Girls,1247,1997,34,INR,Out of Stock,Net,Net,Semi-sheer,No Stretch,150,A-line,Ankle Length,Short Sleeve,Peter Pan,Zip,Straight,Fixed,Floral,Lace,Pink,Bright,Pleated,Party,Unlined,No,High,Lightweight,Child-safe materials,5Y,59,72,26,True to size,Hand wash,Medium,5,"pink floral regular dress, girls dress, kids fashion","Pink Floral Regular Dress for 6-7Y, Party wear",0.91
PRD105,Maroon Floral A-line Dress,H&M Kids,Frock,4-5Y,Girls,641,2100,25,INR,In Stock,Net,Polyester,Semi-sheer,Mild Stretch,150,A-line,Midi,Sleeveless,Square,Button,Flared,Fixed,Cartoon Print,Sequins,Maroon,Pastel,Layered,Casual,Fully lined,No,High,Normal,Child-safe materials,2Y,59,57,23,True to size,Hand wash,Medium,4,"maroon floral a-line dress, girls dress, kids fashion","Maroon Floral A-line Dress for 3-4Y, Party wear",0.95
PRD106,Peach Cartoon Print Flared Dress,Allen Solly Junior,Party Dress,4-5Y,Girls,1956,974,13,INR,Low Stock,Polyester,Cotton,Semi-sheer,No Stretch,120,Flared,Ankle Length,Cap Sleeve,Peter Pan,Elastic Waist,Flared,Elastic,Cartoon Print,Sequins,Peach,Pastel,Pleated,Party,Fully lined,No,Medium,Lightweight,Child-safe materials,5Y,50,64,27,Runs small,Hand wash,High,4,"peach cartoon print flared dress, girls dress, kids fashion","Peach Cartoon Print Flared Dress for 2-3Y, Party wear",0.9
PRD107,Pink Solid Flared Dress,Cutie Couture,Frock,3-4Y,Girls,1260,2106,7,INR,In Stock,Cotton,Net,Semi-sheer,No Stretch,180,A-line,Knee Length,Cap Sleeve,Round,Zip,Flared,Elastic,Floral,Ruffles,Pink,Neutral,Pleated,Casual,Fully lined,Yes,Medium,Lightweight,Child-safe materials,5Y,72,62,29,True to size,Machine wash,Medium,3,"pink solid flared dress, girls dress, kids fashion","Pink Solid Flared Dress for 3-4Y, Festive wear",0.95
PRD108,Yellow Cartoon Print A-line Dress,Cutie Couture,Party Dress,7-8Y,Girls,1076,1898,50,INR,In Stock,Cotton,Satin,Semi-sheer,Mild Stretch,120,Regular,Ankle Length,Sleeveless,Square,Elastic Waist,Flared,Elastic,Polka Dot,None,Yellow,Neutral,Smocked,Casual,Unlined,No,High,Normal,Child-safe materials,7Y,65,76,22,Runs small,Hand wash,High,4,"yellow cartoon print a-line dress, girls dress, kids fashion","Yellow Cartoon Print A-line Dress for 4-5Y, Casual wear",0.86
PRD109,Pink Floral Flared Dress,Cutie Couture,Dress,7-8Y,Girls,741,1538,6,INR,In Stock,Cotton,Cotton,Opaque,No Stretch,,Regular,Ankle Length,Cap Sleeve,V-neck,Button,High-low,Fixed,Cartoon Print,Bow,Pink,Pastel,None,Party,Fully lined,Yes,Medium,Normal,Child-safe materials,6Y,73,64,24,Runs small,Hand wash,Medium,5,"pink floral flared dress, girls dress, kids fashion","Pink Floral Flared Dress for 6-7Y, Casual wear",0.87
PRD110,Maroon Polka Dot Regular Dress,Cutie Couture,Frock,6-7Y,Girls,1372,2380,23,INR,Low Stock,Cotton,Polyester,Opaque,No Stretch,150,A-line,Midi,Sleeveless,Square,Zip,Flared,Elastic,Solid,Bow,Maroon,Neutral,Layered,Casual,Unlined,Yes,High,Lightweight,Child-safe materials,3Y,51,54,28,Runs large,Dry clean,Medium,5,"maroon polka dot regular dress, girls dress, kids fashion","Maroon Polka Dot Regular Dress for 3-4Y, Party wear",0.89
PRD111,Peach Solid Regular Dress,Pepe Jeans Junior,Dress,7-8Y,Girls,1674,1362,19,INR,In Stock,Net,Net,Opaque,Mild Stretch,180,Regular,Ankle Length,Cap Sleeve,V-neck,Zip,Flared,Adjustable,Cartoon Print,Ruffles,Peach,Pastel,Layered,Casual,Fully lined,No,High,Lightweight,Child-safe materials,6Y,59,59,23,Runs small,Machine wash,High,4,"peach solid regular dress, girls dress, kids fashion","Peach Solid Regular Dress for 2-3Y, Festive wear",0.9
PRD112,Yellow Cartoon Print A-line Dress,Pepe Jeans Junior,Party Dress,5-6Y,Girls,1648,1417,18,INR,Out of Stock,Rayon,Cotton,Opaque,No Stretch,180,Regular,Midi,Sleeveless,V-neck,Zip,High-low,Elastic,Solid,Sequins,Yellow,Pastel,Smocked,Birthday,Fully lined,Yes,Medium,Normal,Child-safe materials,3Y,67,49,21,Runs large,Dry clean,Medium,3,"yellow cartoon print a-line dress, girls dress, kids fashion","Yellow Cartoon Print A-line Dress for 6-7Y, Birthday wear",0.92
PRD113,Yellow Solid A-line Dress,Cutie Couture,Casual Dress,4-5Y,Girls,802,1019,54,INR,In Stock,Polyester,Satin,Semi-sheer,No Stretch,180,A-line,Knee Length,Sleeveless,Round,Button,High-low,Elastic,Floral,None,Yellow,Neutral,Pleated,Birthday,Fully lined,No,Medium,Lightweight,Child-safe materials,6Y,68,60,22,Runs large,Hand wash,High,4,"yellow solid a-line dress, girls dress, kids fashion","Yellow Solid A-line Dress for 3-4Y, Festive wear",0.85
PRD114,Maroon Floral A-line Dress,Allen Solly Junior,Dress,6-7Y,Girls,531,981,41,INR,Out of Stock,Polyester,Satin,Opaque,Mild Stretch,180,Flared,Midi,Puff Sleeve,Round,Button,High-low,Elastic,Floral,None,Maroon,Pastel,None,Festive,Unlined,Yes,Medium,Normal,Child-safe materials,3Y,72,79,29,Runs small,Machine wash,High,4,"maroon floral a-line dress, girls dress, kids fashion","Maroon Floral A-line Dress for 3-4Y, Casual wear",0.86
PRD115,Pink Cartoon Print Regular Dress,Pepe Jeans Junior,Casual Dress,3-4Y,Girls,835,1227,19,INR,Low Stock,Rayon,Satin,Semi-sheer,Mild Stretch,120,A-line,Knee Length,Cap Sleeve,Round,Button,High-low,Adjustable,Solid,None,Pink,Bright,Layered,Birthday,Partially lined,Yes,High,Lightweight,Child-safe materials,4Y,56,71,19,Runs small,Hand wash,Medium,4,"pink cartoon print regular dress, girls dress, kids fashion","Pink Cartoon Print Regular Dress for 4-5Y, Party wear",0.9
PRD116,Peach Solid A-line Dress,H&M Kids,Casual Dress,2-3Y,Girls,596,1929,53,INR,Out of Stock,Polyester,Polyester,Semi-sheer,No Stretch,120,A-line,Knee Length,Sleeveless,Peter Pan,Zip,Straight,Adjustable,Cartoon Print,Sequins,Peach,Pastel,None,Birthday,Unlined,Yes,High,Normal,Child-safe materials,7Y,73,76,19,Runs large,Machine wash,Medium,3,"peach solid a-line dress, girls dress, kids fashion","Peach Solid A-line Dress for 5-6Y, Casual wear",0.88
PRD117,Yellow Solid Flared Dress,Allen Solly Junior,Dress,4-5Y,Girls,1026,1751,54,INR,In Stock,Satin,Polyester,Semi-sheer,No Stretch,120,A-line,Midi,Cap Sleeve,Peter Pan,Elastic Waist,Straight,Adjustable,Solid,Sequins,Yellow,Pastel,Layered,Festive,Partially lined,Yes,High,Normal,Child-safe materials,7Y,52,51,21,Runs small,Machine wash,Medium,5,"yellow solid flared dress, girls dress, kids fashion","Yellow Solid Flared Dress for 2-3Y, Festive wear",0.88
PRD118,Blue Cartoon Print Flared Dress,Hopscotch,Frock,2-3Y,Girls,913,1587,25,INR,Out of Stock,Polyester,Tulle,Semi-sheer,No Stretch,,Regular,Midi,Sleeveless,Square,Button,High-low,Adjustable,Solid,Lace,Blue,Pastel,None,Casual,Fully lined,No,Medium,Lightweight,Child-safe materials,2Y,72,64,22,Runs large,Hand wash,High,5,"blue cartoon print flared dress, girls dress, kids fashion","Blue Cartoon Print Flared Dress for 3-4Y, Party wear",0.93
PRD119,Pink Floral Regular Dress,Allen Solly Junior,Casual Dress,7-8Y,Girls,874,1783,32,INR,Out of Stock,Rayon,Cotton,Semi-sheer,No Stretch,150,Regular,Knee Length,Puff Sleeve,V-neck,Button,Flared,Elastic,Polka Dot,Ruffles,Pink,Bright,Pleated,Casual,Partially lined,No,High,Lightweight,Child-safe materials,3Y,68,72,21,Runs large,Machine wash,High,5,"pink floral regular dress, girls dress, kids fashion","Pink Floral Regular Dress for 4-5Y, Party wear",0.87
PRD120,Pink Cartoon Print Regular Dress,Hopscotch,Party Dress,5-6Y,Girls,1405,1344,10,INR,Out of Stock,Net,Net,Semi-sheer,Mild Stretch,180,Flared,Midi,Short Sleeve,Peter Pan,Zip,Straight,Elastic,Polka Dot,Ruffles,Pink,Bright,None,Party,Fully lined,No,High,Normal,Child-safe materials,6Y,74,66,21,Runs large,Dry clean,High,4,"pink cartoon print regular dress, girls dress, kids fashion","Pink Cartoon Print Regular Dress for 6-7Y, Casual wear",0.86
PRD121,Peach Solid Regular Dress,Hopscotch,Dress,7-8Y,Girls,982,843,50,INR,Out of Stock,Rayon,Net,Opaque,No Stretch,,Flared,Knee Length,Short Sleeve,Round,Button,Flared,Adjustable,Cartoon Print,Bow,Peach,Pastel,Pleated,Casual,Unlined,No,High,Lightweight,Child-safe materials,7Y,69,64,30,Runs large,Dry clean,High,3,"peach solid regular dress, girls dress, kids fashion","Peach Solid Regular Dress for 5-6Y, Festive wear",0.93
PRD122,Mint Green Cartoon Print A-line Dress,H&M Kids,Dress,3-4Y,Girls,676,944,40,INR,In Stock,Tulle,Tulle,Semi-sheer,Mild Stretch,150,Regular,Knee Length,Short Sleeve,Round,Elastic Waist,Flared,Elastic,Polka Dot,None,Mint Green,Neutral,Smocked,Party,Fully lined,Yes,Medium,Lightweight,Child-safe materials,5Y,55,50,24,Runs large,Hand wash,Medium,3,"mint green cartoon print a-line dress, girls dress, kids fashion","Mint Green Cartoon Print A-line Dress for 7-8Y, Party wear",0.97
PRD123,Peach Cartoon Print Flared Dress,H&M Kids,Party Dress,4-5Y,Girls,1028,2429,16,INR,In Stock,Tulle,Net,Semi-sheer,No Stretch,120,Regular,Midi,Short Sleeve,Round,Button,Straight,Fixed,Cartoon Print,Lace,Peach,Pastel,Layered,Birthday,Partially lined,Yes,High,Normal,Child-safe materials,4Y,68,52,22,Runs large,Machine wash,High,4,"peach cartoon print flared dress, girls dress, kids fashion","Peach Cartoon Print Flared Dress for 5-6Y, Party wear",0.87
PRD124,Blue Polka Dot Flared Dress,Hopscotch,Dress,3-4Y,Girls,1688,1744,29,INR,Out of Stock,Rayon,Cotton,Opaque,No Stretch,120,Flared,Ankle Length,Short Sleeve,Peter Pan,Button,Straight,Elastic,Polka Dot,None,Blue,Bright,Smocked,Casual,Unlined,No,High,Lightweight,Child-safe materials,4Y,64,68,26,Runs large,Hand wash,High,5,"blue polka dot flared dress, girls dress, kids fashion","Blue Polka Dot Flared Dress for 6-7Y, Party wear",0.94
PRD125,Pink Floral Flared Dress,H&M Kids,Frock,4-5Y,Girls,1107,1938,16,INR,Out of Stock,Net,Net,Opaque,No Stretch,180,Regular,Midi,Sleeveless,V-neck,Zip,Straight,Adjustable,Polka Dot,Ruffles,Pink,Bright,None,Festive,Unlined,Yes,Medium,Lightweight,Child-safe materials,7Y,55,50,28,True to size,Machine wash,Medium,3,"pink floral flared dress, girls dress, kids fashion","Pink Floral Flared Dress for 6-7Y, Birthday wear",0.86
PRD126,Mint Green Solid Regular Dress,Hopscotch,Dress,6-7Y,Girls,861,1917,7,INR,Out of Stock,Net,Polyester,Semi-sheer,Mild Stretch,120,Flared,Knee Length,Short Sleeve,Square,Zip,High-low,Fixed,Polka Dot,Lace,Mint Green,Neutral,Pleated,Casual,Fully lined,No,Medium,Lightweight,Child-safe materials,2Y,56,71,23,Runs small,Machine wash,High,3,"mint green solid regular dress, girls dress, kids fashion","Mint Green Solid Regular Dress for 7-8Y, Festive wear",0.87
PRD127,Peach Floral Regular Dress,Hopscotch,Party Dress,2-3Y,Girls,1444,1189,29,INR,Out of Stock,Tulle,Cotton,Semi-sheer,No Stretch,,Regular,Ankle Length,Sleeveless,V-neck,Zip,Flared,Adjustable,Solid,Ruffles,Peach,Neutral,Pleated,Casual,Partially lined,Yes,Medium,Normal,Child-safe materials,7Y,71,47,28,True to size,Machine wash,High,5,"peach floral regular dress, girls dress, kids fashion","Peach Floral Regular Dress for 3-4Y, Party wear",0.89
PRD128,Pink Cartoon Print Flared Dress,Allen Solly Junior,Dress,6-7Y,Girls,1259,1983,10,INR,Out of Stock,Cotton,Net,Opaque,No Stretch,180,Flared,Knee Length,Puff Sleeve,V-neck,Elastic Waist,High-low,Adjustable,Floral,Lace,Pink,Neutral,Smocked,Festive,Unlined,Yes,High,Normal,Child-safe materials,2Y,60,58,23,Runs small,Dry clean,High,4,"pink cartoon print flared dress, girls dress, kids fashion","Pink Cartoon Print Flared Dress for 3-4Y, Party wear",0.88
PRD129,Peach Cartoon Print A-line Dress,Hopscotch,Party Dress,6-7Y,Girls,1444,1406,25,INR,Low Stock,Polyester,Polyester,Semi-sheer,Mild Stretch,120,A-line,Knee Length,Cap Sleeve,Peter Pan,Button,Straight,Adjustable,Cartoon Print,Ruffles,Peach,Bright,Layered,Casual,Fully lined,Yes,High,Lightweight,Child-safe materials,7Y,62,63,18,True to size,Dry clean,High,4,"peach cartoon print a-line dress, girls dress, kids fashion","Peach Cartoon Print A-line Dress for 4-5Y, Birthday wear",0.94
PRD130,Blue Polka Dot Flared Dress,Allen Solly Junior,Casual Dress,2-3Y,Girls,1266,2090,11,INR,Out of Stock,Rayon,Rayon,Semi-sheer,Mild Stretch,,A-line,Knee Length,Puff Sleeve,Square,Elastic Waist,Straight,Elastic,Polka Dot,Ruffles,Blue,Pastel,None,Party,Unlined,No,High,Normal,Child-safe materials,7Y,56,49,28,True to size,Hand wash,Medium,3,"blue polka dot flared dress, girls dress, kids fashion","Blue Polka Dot Flared Dress for 2-3Y, Casual wear",0.96
PRD131,Peach Polka Dot A-line Dress,Cutie Couture,Party Dress,7-8Y,Girls,1364,2280,58,INR,In Stock,Satin,Cotton,Opaque,No Stretch,150,Flared,Knee Length,Sleeveless,Peter Pan,Elastic Waist,High-low,Adjustable,Floral,Ruffles,Peach,Neutral,Pleated,Festive,Unlined,Yes,High,Lightweight,Child-safe materials,2Y,73,52,20,Runs large,Hand wash,Medium,3,"peach polka dot a-line dress, girls dress, kids fashion","Peach Polka Dot A-line Dress for 5-6Y, Festive wear",0.91
PRD132,Blue Solid A-line Dress,Pepe Jeans Junior,Frock,3-4Y,Girls,1240,1230,25,INR,Low Stock,Cotton,Rayon,Opaque,Mild Stretch,180,A-line,Knee Length,Cap Sleeve,Peter Pan,Elastic Waist,Flared,Fixed,Cartoon Print,None,Blue,Bright,None,Festive,Partially lined,Yes,High,Lightweight,Child-safe materials,2Y,61,63,30,Runs small,Hand wash,Medium,5,"blue solid a-line dress, girls dress, kids fashion","Blue Solid A-line Dress for 4-5Y, Casual wear",0.91
PRD133,Blue Floral Regular Dress,H&M Kids,Dress,2-3Y,Girls,1485,2108,18,INR,In Stock,Tulle,Tulle,Opaque,No Stretch,,A-line,Ankle Length,Short Sleeve,Peter Pan,Zip,Flared,Elastic,Cartoon Print,Ruffles,Blue,Neutral,None,Party,Unlined,No,High,Normal,Child-safe materials,6Y,67,53,19,True to size,Hand wash,Medium,3,"blue floral regular dress, girls dress, kids fashion","Blue Floral Regular Dress for 6-7Y, Birthday wear",0.89
PRD134,Mint Green Polka Dot A-line Dress,Pepe Jeans Junior,Dress,4-5Y,Girls,872,1103,15,INR,In Stock,Polyester,Cotton,Opaque,Mild Stretch,120,Regular,Midi,Sleeveless,Peter Pan,Zip,High-low,Elastic,Floral,Lace,Mint Green,Neutral,Smocked,Party,Partially lined,Yes,Medium,Normal,Child-safe materials,3Y,60,71,18,Runs large,Machine wash,High,5,"mint green polka dot a-line dress, girls dress, kids fashion","Mint Green Polka Dot A-line Dress for 7-8Y, Festive wear",0.92
PRD135,Peach Floral Regular Dress,Pepe Jeans Junior,Frock,3-4Y,Girls,1414,2433,41,INR,In Stock,Satin,Rayon,Opaque,No Stretch,150,Regular,Midi,Short Sleeve,Round,Elastic Waist,High-low,Fixed,Floral,Sequins,Peach,Neutral,Smocked,Party,Unlined,Yes,High,Lightweight,Child-safe materials,3Y,64,60,27,Runs large,Machine wash,High,4,"peach floral regular dress, girls dress, kids fashion","Peach Floral Regular Dress for 6-7Y, Birthday wear",0.93
PRD136,Peach Polka Dot Regular Dress,Cutie Couture,Casual Dress,2-3Y,Girls,1939,2421,54,INR,In Stock,Satin,Satin,Opaque,No Stretch,120,Regular,Ankle Length,Short Sleeve,Round,Button,Flared,Elastic,Solid,None,Peach,Bright,Layered,Birthday,Unlined,No,Medium,Normal,Child-safe materials,3Y,73,68,23,Runs large,Machine wash,Medium,5,"peach polka dot regular dress, girls dress, kids fashion","Peach Polka Dot Regular Dress for 5-6Y, Birthday wear",0.88
PRD137,Mint Green Solid A-line Dress,Cutie Couture,Casual Dress,5-6Y,Girls,845,2422,5,INR,In Stock,Cotton,Satin,Opaque,No Stretch,120,A-line,Knee Length,Short Sleeve,Square,Button,High-low,Adjustable,Cartoon Print,Lace,Mint Green,Neutral,None,Party,Partially lined,No,Medium,Normal,Child-safe materials,7Y,52,62,24,True to size,Dry clean,High,5,"mint green solid a-line dress, girls dress, kids fashion","Mint Green Solid A-line Dress for 5-6Y, Festive wear",0.89
PRD138,Peach Solid Regular Dress,Cutie Couture,Frock,4-5Y,Girls,1335,1917,50,INR,Low Stock,Cotton,Cotton,Opaque,No Stretch,180,A-line,Knee Length,Sleeveless,Peter Pan,Button,Straight,Adjustable,Polka Dot,Bow,Peach,Pastel,None,Party,Fully lined,Yes,High,Lightweight,Child-safe materials,2Y,54,64,18,Runs small,Dry clean,High,3,"peach solid regular dress, girls dress, kids fashion","Peach Solid Regular Dress for 3-4Y, Festive wear",0.89
PRD139,Pink Solid Regular Dress,Hopscotch,Dress,6-7Y,Girls,1874,2296,41,INR,In Stock,Polyester,Tulle,Semi-sheer,Mild Stretch,180,A-line,Midi,Puff Sleeve,Square,Zip,Straight,Adjustable,Floral,Sequins,Pink,Bright,Layered,Party,Unlined,Yes,Medium,Lightweight,Child-safe materials,2Y,55,65,25,Runs small,Hand wash,High,4,"pink solid regular dress, girls dress, kids fashion","Pink Solid Regular Dress for 6-7Y, Festive wear",0.93
PRD140,Peach Polka Dot Flared Dress,Hopscotch,Party Dress,6-7Y,Girls,772,1262,42,INR,Out of Stock,Polyester,Tulle,Semi-sheer,No Stretch,150,Flared,Midi,Puff Sleeve,Peter Pan,Zip,High-low,Fixed,Polka Dot,Bow,Peach,Bright,Layered,Festive,Partially lined,Yes,Medium,Lightweight,Child-safe materials,4Y,60,71,28,True to size,Dry clean,Medium,4,"peach polka dot flared dress, girls dress, kids fashion","Peach Polka Dot Flared Dress for 7-8Y, Casual wear",0.9
PRD141,Mint Green Polka Dot Regular Dress,Pepe Jeans Junior,Casual Dress,3-4Y,Girls,1900,1884,18,INR,In Stock,Polyester,Tulle,Opaque,No Stretch,120,Regular,Midi,Cap Sleeve,Round,Button,Flared,Adjustable,Cartoon Print,Sequins,Mint Green,Bright,None,Casual,Partially lined,Yes,High,Lightweight,Child-safe materials,7Y,58,55,29,Runs large,Hand wash,High,5,"mint green polka dot regular dress, girls dress, kids fashion","Mint Green Polka Dot Regular Dress for 7-8Y, Festive wear",0.86
PRD142,Peach Cartoon Print Flared Dress,Pepe Jeans Junior,Dress,7-8Y,Girls,1345,961,58,INR,Out of Stock,Cotton,Net,Opaque,No Stretch,150,Regular,Knee Length,Puff Sleeve,Peter Pan,Elastic Waist,High-low,Elastic,Floral,Ruffles,Peach,Bright,Smocked,Party,Unlined,Yes,Medium,Lightweight,Child-safe materials,7Y,61,60,28,True to size,Hand wash,Medium,5,"peach cartoon print flared dress, girls dress, kids fashion","Peach Cartoon Print Flared Dress for 2-3Y, Casual wear",0.93
PRD143,Blue Cartoon Print Flared Dress,Pepe Jeans Junior,Frock,4-5Y,Girls,1205,2048,39,INR,Out of Stock,Rayon,Net,Semi-sheer,No Stretch,150,Flared,Knee Length,Puff Sleeve,Round,Zip,Flared,Fixed,Cartoon Print,Lace,Blue,Pastel,Smocked,Casual,Unlined,Yes,High,Lightweight,Child-safe materials,2Y,70,77,19,True to size,Hand wash,Medium,4,"blue cartoon print flared dress, girls dress, kids fashion","Blue Cartoon Print Flared Dress for 6-7Y, Festive wear",0.89
PRD144,Blue Floral Flared Dress,H&M Kids,Party Dress,7-8Y,Girls,599,1434,12,INR,Out of Stock,Polyester,Net,Semi-sheer,Mild Stretch,,Regular,Knee Length,Puff Sleeve,Square,Elastic Waist,High-low,Fixed,Cartoon Print,Sequins,Blue,Neutral,Smocked,Festive,Fully lined,No,Medium,Normal,Child-safe materials,7Y,58,46,27,Runs small,Dry clean,Medium,5,"blue floral flared dress, girls dress, kids fashion","Blue Floral Flared Dress for 3-4Y, Casual wear",0.9
PRD145,Yellow Cartoon Print Regular Dress,Hopscotch,Casual Dress,5-6Y,Girls,682,2122,38,INR,Out of Stock,Rayon,Net,Opaque,Mild Stretch,150,Flared,Midi,Cap Sleeve,Square,Zip,Flared,Adjustable,Solid,Bow,Yellow,Pastel,None,Festive,Partially lined,No,High,Lightweight,Child-safe materials,2Y,60,54,18,True to size,Hand wash,High,3,"yellow cartoon print regular dress, girls dress, kids fashion","Yellow Cartoon Print Regular Dress for 5-6Y, Birthday wear",0.88
PRD146,Peach Solid A-line Dress,Pepe Jeans Junior,Frock,2-3Y,Girls,1247,1356,8,INR,Low Stock,Rayon,Rayon,Opaque,No Stretch,180,Regular,Knee Length,Sleeveless,Round,Zip,High-low,Adjustable,Solid,Bow,Peach,Neutral,Layered,Casual,Unlined,No,Medium,Lightweight,Child-safe materials,6Y,67,63,26,Runs large,Machine wash,Medium,3,"peach solid a-line dress, girls dress, kids fashion","Peach Solid A-line Dress for 2-3Y, Party wear",0.94
PRD147,Pink Floral A-line Dress,Pepe Jeans Junior,Frock,7-8Y,Girls,740,2016,48,INR,Low Stock,Polyester,Cotton,Opaque,No Stretch,150,Flared,Ankle Length,Short Sleeve,Square,Button,Straight,Fixed,Polka Dot,None,Pink,Pastel,Smocked,Festive,Unlined,No,High,Lightweight,Child-safe materials,2Y,61,47,19,Runs large,Dry clean,Medium,5,"pink floral a-line dress, girls dress, kids fashion","Pink Floral A-line Dress for 4-5Y, Festive wear",0.91
PRD148,Pink Cartoon Print Regular Dress,Pepe Jeans Junior,Dress,5-6Y,Girls,1632,1675,16,INR,In Stock,Polyester,Polyester,Opaque,No Stretch,120,Regular,Ankle Length,Cap Sleeve,V-neck,Elastic Waist,Flared,Adjustable,Floral,Ruffles,Pink,Neutral,None,Birthday,Unlined,No,Medium,Normal,Child-safe materials,4Y,57,79,19,Runs large,Dry clean,Medium,4,"pink cartoon print regular dress, girls dress, kids fashion","Pink Cartoon Print Regular Dress for 6-7Y, Birthday wear",0.88
PRD149,Mint Green Polka Dot A-line Dress,Cutie Couture,Dress,7-8Y,Girls,1897,1591,15,INR,Out of Stock,Cotton,Rayon,Opaque,Mild Stretch,120,Regular,Midi,Puff Sleeve,Peter Pan,Button,High-low,Fixed,Floral,Bow,Mint Green,Neutral,None,Party,Fully lined,No,Medium,Normal,Child-safe materials,4Y,50,62,25,Runs small,Dry clean,Medium,3,"mint green polka dot a-line dress, girls dress, kids fashion","Mint Green Polka Dot A-line Dress for 2-3Y, Birthday wear",0.87
PRD150,Peach Floral A-line Dress,Allen Solly Junior,Frock,5-6Y,Girls,1334,1818,40,INR,Out of Stock,Rayon,Rayon,Semi-sheer,No Stretch,150,Regular,Knee Length,Short Sleeve,Square,Button,High-low,Adjustable,Solid,Ruffles,Peach,Bright,None,Party,Partially lined,Yes,Medium,Normal,Child-safe materials,3Y,56,64,27,Runs small,Machine wash,Medium,4,"peach floral a-line dress, girls dress, kids fashion","Peach Floral A-line Dress for 2-3Y, Party wear",0.91
